{"cameraMode":{"drawMode":0,"name":"Shaded","section":"Shading Mode"},"sceneLighting":true,"audioPlay":false,"sceneViewState":{"showFog":true,"showMaterialUpdate":false,"showSkybox":true,"showFlares":true,"showImageEffects":true,"showParticleSystems":true,"showVisualEffectGraphs":true,"m_FxEnabled":true},"in2DMode":false,"pivot":{"x":-0.022417545318603517,"y":2.668166160583496,"z":0.6528011560440064},"rotation":{"x":0.2236829698085785,"y":0.23836666345596314,"z":-0.05651884526014328,"w":0.9433719515800476},"size":3.290005922317505,"orthographic":false}